<application>
  <component name="libraryTable">
    <library name="CFPropertyList (v2.3.6, ruby-2.3.7-p456) [gem]" type="rubylib">
      <properties>
        <option name="version" value="4" />
      </properties>
      <CLASSES>
        <root url="file:///System/Library/Frameworks/Ruby.framework/Versions/2.6/usr/lib/ruby/gems/2.6.0/gems/CFPropertyList-2.3.6/lib" />
      </CLASSES>
      <SOURCES>
        <root url="file:///System/Library/Frameworks/Ruby.framework/Versions/2.6/usr/lib/ruby/gems/2.6.0/gems/CFPropertyList-2.3.6/lib" />
      </SOURCES>
    </library>
    <library name="cocoapods (v1.9.0, ruby-2.3.7-p456) [gem]" type="rubylib">
      <properties>
        <option name="version" value="4" />
      </properties>
      <CLASSES>
        <root url="file://$USER_HOME$/.gem/gems/cocoapods-1.9.0/bin" />
        <root url="file://$USER_HOME$/.gem/gems/cocoapods-1.9.0/lib" />
      </CLASSES>
      <SOURCES>
        <root url="file://$USER_HOME$/.gem/gems/cocoapods-1.9.0/bin" />
        <root url="file://$USER_HOME$/.gem/gems/cocoapods-1.9.0/lib" />
      </SOURCES>
      <excluded>
        <root url="file://$USER_HOME$/.gem/gems/cocoapods-1.9.0/bin" />
      </excluded>
    </library>
    <library name="cocoapods-core (v1.9.0, ruby-2.3.7-p456) [gem]" type="rubylib">
      <properties>
        <option name="version" value="4" />
      </properties>
      <CLASSES>
        <root url="file://$USER_HOME$/.gem/gems/cocoapods-core-1.9.0/lib" />
      </CLASSES>
      <SOURCES>
        <root url="file://$USER_HOME$/.gem/gems/cocoapods-core-1.9.0/lib" />
      </SOURCES>
    </library>
    <library name="cocoapods-deintegrate (v1.0.4, ruby-2.3.7-p456) [gem]" type="rubylib">
      <properties>
        <option name="version" value="4" />
      </properties>
      <CLASSES>
        <root url="file://$USER_HOME$/.gem/gems/cocoapods-deintegrate-1.0.4/lib" />
      </CLASSES>
      <SOURCES>
        <root url="file://$USER_HOME$/.gem/gems/cocoapods-deintegrate-1.0.4/lib" />
      </SOURCES>
    </library>
    <library name="cocoapods-downloader (v1.3.0, ruby-2.3.7-p456) [gem]" type="rubylib">
      <properties>
        <option name="version" value="4" />
      </properties>
      <CLASSES>
        <root url="file://$USER_HOME$/.gem/gems/cocoapods-downloader-1.3.0/lib" />
      </CLASSES>
      <SOURCES>
        <root url="file://$USER_HOME$/.gem/gems/cocoapods-downloader-1.3.0/lib" />
      </SOURCES>
    </library>
    <library name="cocoapods-plugins (v1.0.0, ruby-2.3.7-p456) [gem]" type="rubylib">
      <properties>
        <option name="version" value="4" />
      </properties>
      <CLASSES>
        <root url="file://$USER_HOME$/.gem/gems/cocoapods-plugins-1.0.0/lib" />
        <root url="file://$USER_HOME$/.gem/gems/cocoapods-plugins-1.0.0/spec" />
      </CLASSES>
      <SOURCES>
        <root url="file://$USER_HOME$/.gem/gems/cocoapods-plugins-1.0.0/lib" />
        <root url="file://$USER_HOME$/.gem/gems/cocoapods-plugins-1.0.0/spec" />
      </SOURCES>
      <excluded>
        <root url="file://$USER_HOME$/.gem/gems/cocoapods-plugins-1.0.0/spec" />
      </excluded>
    </library>
    <library name="cocoapods-search (v1.0.0, ruby-2.3.7-p456) [gem]" type="rubylib">
      <properties>
        <option name="version" value="4" />
      </properties>
      <CLASSES>
        <root url="file://$USER_HOME$/.gem/gems/cocoapods-search-1.0.0/lib" />
        <root url="file://$USER_HOME$/.gem/gems/cocoapods-search-1.0.0/spec" />
      </CLASSES>
      <SOURCES>
        <root url="file://$USER_HOME$/.gem/gems/cocoapods-search-1.0.0/lib" />
        <root url="file://$USER_HOME$/.gem/gems/cocoapods-search-1.0.0/spec" />
      </SOURCES>
      <excluded>
        <root url="file://$USER_HOME$/.gem/gems/cocoapods-search-1.0.0/spec" />
      </excluded>
    </library>
    <library name="cocoapods-stats (v1.1.0, ruby-2.3.7-p456) [gem]" type="rubylib">
      <properties>
        <option name="version" value="4" />
      </properties>
      <CLASSES>
        <root url="file://$USER_HOME$/.gem/gems/cocoapods-stats-1.1.0/lib" />
        <root url="file://$USER_HOME$/.gem/gems/cocoapods-stats-1.1.0/spec" />
      </CLASSES>
      <SOURCES>
        <root url="file://$USER_HOME$/.gem/gems/cocoapods-stats-1.1.0/lib" />
        <root url="file://$USER_HOME$/.gem/gems/cocoapods-stats-1.1.0/spec" />
      </SOURCES>
      <excluded>
        <root url="file://$USER_HOME$/.gem/gems/cocoapods-stats-1.1.0/spec" />
      </excluded>
    </library>
    <library name="cocoapods-trunk (v1.4.1, ruby-2.3.7-p456) [gem]" type="rubylib">
      <properties>
        <option name="version" value="4" />
      </properties>
      <CLASSES>
        <root url="file://$USER_HOME$/.gem/gems/cocoapods-trunk-1.4.1/lib" />
        <root url="file://$USER_HOME$/.gem/gems/cocoapods-trunk-1.4.1/spec" />
      </CLASSES>
      <SOURCES>
        <root url="file://$USER_HOME$/.gem/gems/cocoapods-trunk-1.4.1/lib" />
        <root url="file://$USER_HOME$/.gem/gems/cocoapods-trunk-1.4.1/spec" />
      </SOURCES>
      <excluded>
        <root url="file://$USER_HOME$/.gem/gems/cocoapods-trunk-1.4.1/spec" />
      </excluded>
    </library>
    <library name="cocoapods-try (v1.1.0, ruby-2.3.7-p456) [gem]" type="rubylib">
      <properties>
        <option name="version" value="4" />
      </properties>
      <CLASSES>
        <root url="file://$USER_HOME$/.gem/gems/cocoapods-try-1.1.0/lib" />
        <root url="file://$USER_HOME$/.gem/gems/cocoapods-try-1.1.0/spec" />
      </CLASSES>
      <SOURCES>
        <root url="file://$USER_HOME$/.gem/gems/cocoapods-try-1.1.0/lib" />
        <root url="file://$USER_HOME$/.gem/gems/cocoapods-try-1.1.0/spec" />
      </SOURCES>
      <excluded>
        <root url="file://$USER_HOME$/.gem/gems/cocoapods-try-1.1.0/spec" />
      </excluded>
    </library>
    <library name="did_you_mean (v1.3.0, ruby-2.3.7-p456) [gem]" type="rubylib">
      <properties>
        <option name="version" value="4" />
      </properties>
      <CLASSES>
        <root url="file:///Library/Ruby/Gems/2.6.0/gems/did_you_mean-1.3.0/doc" />
        <root url="file:///Library/Ruby/Gems/2.6.0/gems/did_you_mean-1.3.0/lib" />
        <root url="file:///Library/Ruby/Gems/2.6.0/gems/did_you_mean-1.3.0/tmp" />
        <root url="file:///Library/Ruby/Gems/2.6.0/gems/did_you_mean-1.3.0/test" />
        <root url="file:///Library/Ruby/Gems/2.6.0/gems/did_you_mean-1.3.0/benchmark" />
      </CLASSES>
      <SOURCES>
        <root url="file:///Library/Ruby/Gems/2.6.0/gems/did_you_mean-1.3.0/doc" />
        <root url="file:///Library/Ruby/Gems/2.6.0/gems/did_you_mean-1.3.0/lib" />
        <root url="file:///Library/Ruby/Gems/2.6.0/gems/did_you_mean-1.3.0/tmp" />
        <root url="file:///Library/Ruby/Gems/2.6.0/gems/did_you_mean-1.3.0/test" />
        <root url="file:///Library/Ruby/Gems/2.6.0/gems/did_you_mean-1.3.0/benchmark" />
      </SOURCES>
      <excluded>
        <root url="file:///Library/Ruby/Gems/2.6.0/gems/did_you_mean-1.3.0/doc" />
        <root url="file:///Library/Ruby/Gems/2.6.0/gems/did_you_mean-1.3.0/tmp" />
        <root url="file:///Library/Ruby/Gems/2.6.0/gems/did_you_mean-1.3.0/test" />
        <root url="file:///Library/Ruby/Gems/2.6.0/gems/did_you_mean-1.3.0/benchmark" />
      </excluded>
    </library>
    <library name="libxml-ruby (v3.1.0, ruby-2.3.7-p456) [gem]" type="rubylib">
      <properties>
        <option name="version" value="4" />
      </properties>
      <CLASSES>
        <root url="file:///System/Library/Frameworks/Ruby.framework/Versions/2.6/usr/lib/ruby/gems/2.6.0/gems/libxml-ruby-3.1.0/ext" />
        <root url="file:///System/Library/Frameworks/Ruby.framework/Versions/2.6/usr/lib/ruby/gems/2.6.0/gems/libxml-ruby-3.1.0/lib" />
      </CLASSES>
      <SOURCES>
        <root url="file:///System/Library/Frameworks/Ruby.framework/Versions/2.6/usr/lib/ruby/gems/2.6.0/gems/libxml-ruby-3.1.0/ext" />
        <root url="file:///System/Library/Frameworks/Ruby.framework/Versions/2.6/usr/lib/ruby/gems/2.6.0/gems/libxml-ruby-3.1.0/lib" />
      </SOURCES>
      <excluded>
        <root url="file:///System/Library/Frameworks/Ruby.framework/Versions/2.6/usr/lib/ruby/gems/2.6.0/gems/libxml-ruby-3.1.0/ext" />
      </excluded>
    </library>
    <library name="mini_portile2 (v2.4.0, ruby-2.3.7-p456) [gem]" type="rubylib">
      <properties>
        <option name="version" value="4" />
      </properties>
      <CLASSES>
        <root url="file:///System/Library/Frameworks/Ruby.framework/Versions/2.6/usr/lib/ruby/gems/2.6.0/gems/mini_portile2-2.4.0/lib" />
        <root url="file:///System/Library/Frameworks/Ruby.framework/Versions/2.6/usr/lib/ruby/gems/2.6.0/gems/mini_portile2-2.4.0/concourse" />
      </CLASSES>
      <SOURCES>
        <root url="file:///System/Library/Frameworks/Ruby.framework/Versions/2.6/usr/lib/ruby/gems/2.6.0/gems/mini_portile2-2.4.0/lib" />
        <root url="file:///System/Library/Frameworks/Ruby.framework/Versions/2.6/usr/lib/ruby/gems/2.6.0/gems/mini_portile2-2.4.0/concourse" />
      </SOURCES>
      <excluded>
        <root url="file:///System/Library/Frameworks/Ruby.framework/Versions/2.6/usr/lib/ruby/gems/2.6.0/gems/mini_portile2-2.4.0/concourse" />
      </excluded>
    </library>
    <library name="minitest (v5.11.3, ruby-2.3.7-p456) [gem]" type="rubylib">
      <properties>
        <option name="version" value="4" />
      </properties>
      <CLASSES>
        <root url="file:///Library/Ruby/Gems/2.6.0/gems/minitest-5.11.3/lib" />
        <root url="file:///Library/Ruby/Gems/2.6.0/gems/minitest-5.11.3/test" />
      </CLASSES>
      <SOURCES>
        <root url="file:///Library/Ruby/Gems/2.6.0/gems/minitest-5.11.3/lib" />
        <root url="file:///Library/Ruby/Gems/2.6.0/gems/minitest-5.11.3/test" />
      </SOURCES>
      <excluded>
        <root url="file:///Library/Ruby/Gems/2.6.0/gems/minitest-5.11.3/test" />
      </excluded>
    </library>
    <library name="net-telnet (v0.2.0, ruby-2.3.7-p456) [gem]" type="rubylib">
      <properties>
        <option name="version" value="4" />
      </properties>
      <CLASSES>
        <root url="file:///Library/Ruby/Gems/2.6.0/gems/net-telnet-0.2.0/bin" />
        <root url="file:///Library/Ruby/Gems/2.6.0/gems/net-telnet-0.2.0/lib" />
      </CLASSES>
      <SOURCES>
        <root url="file:///Library/Ruby/Gems/2.6.0/gems/net-telnet-0.2.0/bin" />
        <root url="file:///Library/Ruby/Gems/2.6.0/gems/net-telnet-0.2.0/lib" />
      </SOURCES>
      <excluded>
        <root url="file:///Library/Ruby/Gems/2.6.0/gems/net-telnet-0.2.0/bin" />
      </excluded>
    </library>
    <library name="nokogiri (v1.10.1, ruby-2.3.7-p456) [gem]" type="rubylib">
      <properties>
        <option name="version" value="4" />
      </properties>
      <CLASSES>
        <root url="file:///System/Library/Frameworks/Ruby.framework/Versions/2.6/usr/lib/ruby/gems/2.6.0/gems/nokogiri-1.10.1/bin" />
        <root url="file:///System/Library/Frameworks/Ruby.framework/Versions/2.6/usr/lib/ruby/gems/2.6.0/gems/nokogiri-1.10.1/ext" />
        <root url="file:///System/Library/Frameworks/Ruby.framework/Versions/2.6/usr/lib/ruby/gems/2.6.0/gems/nokogiri-1.10.1/lib" />
        <root url="file:///System/Library/Frameworks/Ruby.framework/Versions/2.6/usr/lib/ruby/gems/2.6.0/gems/nokogiri-1.10.1/patches" />
      </CLASSES>
      <SOURCES>
        <root url="file:///System/Library/Frameworks/Ruby.framework/Versions/2.6/usr/lib/ruby/gems/2.6.0/gems/nokogiri-1.10.1/bin" />
        <root url="file:///System/Library/Frameworks/Ruby.framework/Versions/2.6/usr/lib/ruby/gems/2.6.0/gems/nokogiri-1.10.1/ext" />
        <root url="file:///System/Library/Frameworks/Ruby.framework/Versions/2.6/usr/lib/ruby/gems/2.6.0/gems/nokogiri-1.10.1/lib" />
        <root url="file:///System/Library/Frameworks/Ruby.framework/Versions/2.6/usr/lib/ruby/gems/2.6.0/gems/nokogiri-1.10.1/patches" />
      </SOURCES>
      <excluded>
        <root url="file:///System/Library/Frameworks/Ruby.framework/Versions/2.6/usr/lib/ruby/gems/2.6.0/gems/nokogiri-1.10.1/bin" />
        <root url="file:///System/Library/Frameworks/Ruby.framework/Versions/2.6/usr/lib/ruby/gems/2.6.0/gems/nokogiri-1.10.1/ext" />
        <root url="file:///System/Library/Frameworks/Ruby.framework/Versions/2.6/usr/lib/ruby/gems/2.6.0/gems/nokogiri-1.10.1/patches" />
      </excluded>
    </library>
    <library name="power_assert (v1.1.3, ruby-2.3.7-p456) [gem]" type="rubylib">
      <properties>
        <option name="version" value="4" />
      </properties>
      <CLASSES>
        <root url="file:///Library/Ruby/Gems/2.6.0/gems/power_assert-1.1.3/bin" />
        <root url="file:///Library/Ruby/Gems/2.6.0/gems/power_assert-1.1.3/lib" />
      </CLASSES>
      <SOURCES>
        <root url="file:///Library/Ruby/Gems/2.6.0/gems/power_assert-1.1.3/bin" />
        <root url="file:///Library/Ruby/Gems/2.6.0/gems/power_assert-1.1.3/lib" />
      </SOURCES>
      <excluded>
        <root url="file:///Library/Ruby/Gems/2.6.0/gems/power_assert-1.1.3/bin" />
      </excluded>
    </library>
    <library name="rake (v12.3.2, ruby-2.3.7-p456) [gem]" type="rubylib">
      <properties>
        <option name="version" value="4" />
      </properties>
      <CLASSES>
        <root url="file:///Library/Ruby/Gems/2.6.0/gems/rake-12.3.2/bin" />
        <root url="file:///Library/Ruby/Gems/2.6.0/gems/rake-12.3.2/doc" />
        <root url="file:///Library/Ruby/Gems/2.6.0/gems/rake-12.3.2/exe" />
        <root url="file:///Library/Ruby/Gems/2.6.0/gems/rake-12.3.2/lib" />
      </CLASSES>
      <SOURCES>
        <root url="file:///Library/Ruby/Gems/2.6.0/gems/rake-12.3.2/bin" />
        <root url="file:///Library/Ruby/Gems/2.6.0/gems/rake-12.3.2/doc" />
        <root url="file:///Library/Ruby/Gems/2.6.0/gems/rake-12.3.2/exe" />
        <root url="file:///Library/Ruby/Gems/2.6.0/gems/rake-12.3.2/lib" />
      </SOURCES>
      <excluded>
        <root url="file:///Library/Ruby/Gems/2.6.0/gems/rake-12.3.2/bin" />
        <root url="file:///Library/Ruby/Gems/2.6.0/gems/rake-12.3.2/doc" />
        <root url="file:///Library/Ruby/Gems/2.6.0/gems/rake-12.3.2/exe" />
      </excluded>
    </library>
    <library name="sqlite3 (v1.3.13, ruby-2.3.7-p456) [gem]" type="rubylib">
      <properties>
        <option name="version" value="4" />
      </properties>
      <CLASSES>
        <root url="file:///System/Library/Frameworks/Ruby.framework/Versions/2.6/usr/lib/ruby/gems/2.6.0/gems/sqlite3-1.3.13/ext" />
        <root url="file:///System/Library/Frameworks/Ruby.framework/Versions/2.6/usr/lib/ruby/gems/2.6.0/gems/sqlite3-1.3.13/faq" />
        <root url="file:///System/Library/Frameworks/Ruby.framework/Versions/2.6/usr/lib/ruby/gems/2.6.0/gems/sqlite3-1.3.13/lib" />
        <root url="file:///System/Library/Frameworks/Ruby.framework/Versions/2.6/usr/lib/ruby/gems/2.6.0/gems/sqlite3-1.3.13/tasks" />
      </CLASSES>
      <SOURCES>
        <root url="file:///System/Library/Frameworks/Ruby.framework/Versions/2.6/usr/lib/ruby/gems/2.6.0/gems/sqlite3-1.3.13/ext" />
        <root url="file:///System/Library/Frameworks/Ruby.framework/Versions/2.6/usr/lib/ruby/gems/2.6.0/gems/sqlite3-1.3.13/faq" />
        <root url="file:///System/Library/Frameworks/Ruby.framework/Versions/2.6/usr/lib/ruby/gems/2.6.0/gems/sqlite3-1.3.13/lib" />
        <root url="file:///System/Library/Frameworks/Ruby.framework/Versions/2.6/usr/lib/ruby/gems/2.6.0/gems/sqlite3-1.3.13/tasks" />
      </SOURCES>
      <excluded>
        <root url="file:///System/Library/Frameworks/Ruby.framework/Versions/2.6/usr/lib/ruby/gems/2.6.0/gems/sqlite3-1.3.13/ext" />
        <root url="file:///System/Library/Frameworks/Ruby.framework/Versions/2.6/usr/lib/ruby/gems/2.6.0/gems/sqlite3-1.3.13/faq" />
        <root url="file:///System/Library/Frameworks/Ruby.framework/Versions/2.6/usr/lib/ruby/gems/2.6.0/gems/sqlite3-1.3.13/tasks" />
      </excluded>
    </library>
    <library name="test-unit (v3.2.9, ruby-2.3.7-p456) [gem]" type="rubylib">
      <properties>
        <option name="version" value="4" />
      </properties>
      <CLASSES>
        <root url="file:///Library/Ruby/Gems/2.6.0/gems/test-unit-3.2.9/doc" />
        <root url="file:///Library/Ruby/Gems/2.6.0/gems/test-unit-3.2.9/lib" />
        <root url="file:///Library/Ruby/Gems/2.6.0/gems/test-unit-3.2.9/test" />
        <root url="file:///Library/Ruby/Gems/2.6.0/gems/test-unit-3.2.9/sample" />
      </CLASSES>
      <SOURCES>
        <root url="file:///Library/Ruby/Gems/2.6.0/gems/test-unit-3.2.9/doc" />
        <root url="file:///Library/Ruby/Gems/2.6.0/gems/test-unit-3.2.9/lib" />
        <root url="file:///Library/Ruby/Gems/2.6.0/gems/test-unit-3.2.9/test" />
        <root url="file:///Library/Ruby/Gems/2.6.0/gems/test-unit-3.2.9/sample" />
      </SOURCES>
      <excluded>
        <root url="file:///Library/Ruby/Gems/2.6.0/gems/test-unit-3.2.9/doc" />
        <root url="file:///Library/Ruby/Gems/2.6.0/gems/test-unit-3.2.9/test" />
        <root url="file:///Library/Ruby/Gems/2.6.0/gems/test-unit-3.2.9/sample" />
      </excluded>
    </library>
    <library name="xmlrpc (v0.3.0, ruby-2.3.7-p456) [gem]" type="rubylib">
      <properties>
        <option name="version" value="4" />
      </properties>
      <CLASSES>
        <root url="file:///Library/Ruby/Gems/2.6.0/gems/xmlrpc-0.3.0/bin" />
        <root url="file:///Library/Ruby/Gems/2.6.0/gems/xmlrpc-0.3.0/lib" />
      </CLASSES>
      <SOURCES>
        <root url="file:///Library/Ruby/Gems/2.6.0/gems/xmlrpc-0.3.0/bin" />
        <root url="file:///Library/Ruby/Gems/2.6.0/gems/xmlrpc-0.3.0/lib" />
      </SOURCES>
      <excluded>
        <root url="file:///Library/Ruby/Gems/2.6.0/gems/xmlrpc-0.3.0/bin" />
      </excluded>
    </library>
  </component>
</application>