<keymap version="1" name="Xcode copy" parent="Xcode">
  <action id="FindUsages">
    <keyboard-shortcut first-keystroke="alt f" />
  </action>
  <action id="QuickJavaDoc">
    <keyboard-shortcut first-keystroke="shift ctrl meta slash" />
    <keyboard-shortcut first-keystroke="f1" />
    <mouse-shortcut keystroke="control button2" />
    <mouse-shortcut keystroke="meta button3" />
  </action>
  <action id="XDebugger.AttachToProcess">
    <keyboard-shortcut first-keystroke="alt a" />
  </action>
</keymap>